{
    "quantum_model": {
        "accuracy": 0.9,
        "precision": 0.9302325581395349,
        "recall": 0.9523809523809523,
        "f1_score": 0.9411764705882353,
        "confusion_matrix": [
            [
                5,
                3
            ],
            [
                2,
                40
            ]
        ]
    },
    "classical_model": {
        "accuracy": 0.99364,
        "precision": 0.9956976029502151,
        "recall": 0.9967815221507005,
        "f1_score": 0.9962392677215639,
        "confusion_matrix": [
            [
                7562,
                182
            ],
            [
                136,
                42120
            ]
        ]
    },
    "quantum_inference_time": 34.689868211746216,
    "classical_inference_time": 11.73734712600708
}